datetime,platform,create_time,region,ip_prefix,service
2022-03-15 18:26:13,google,2022-03-14 10:05:50.648747,asia-east1,34.80.0.0/15,Google Cloud
2022-03-15 18:26:13,google,2022-03-14 10:05:50.648747,asia-east1,34.137.0.0/16,Google Cloud
2022-03-15 18:26:13,google,2022-03-14 10:05:50.648747,asia-east1,35.185.128.0/19,Google Cloud
2022-03-15 18:26:13,google,2022-03-14 10:05:50.648747,asia-east1,35.185.160.0/20,Google Cloud
2022-03-15 18:26:13,google,2022-03-14 10:05:50.648747,asia-east1,35.187.144.0/20,Google Cloud
2022-03-15 18:26:13,google,2022-03-14 10:05:50.648747,asia-east1,35.189.160.0/19,Google Cloud
2022-03-15 18:26:13,google,2022-03-14 10:05:50.648747,asia-east1,35.194.128.0/17,Google Cloud
2022-03-15 18:26:13,google,2022-03-14 10:05:50.648747,asia-east1,35.201.128.0/17,Google Cloud
2022-03-15 18:26:13,google,2022-03-14 10:05:50.648747,asia-east1,35.206.192.0/18,Google Cloud
2022-03-15 18:26:13,google,2022-03-14 10:05:50.648747,asia-east1,35.220.32.0/21,Google Cloud
2022-03-15 18:26:13,google,2022-03-14 10:05:50.648747,asia-east1,35.221.128.0/17,Google Cloud
2022-03-15 18:26:13,google,2022-03-14 10:05:50.648747,asia-east1,35.229.128.0/17,Google Cloud
2022-03-15 18:26:13,google,2022-03-14 10:05:50.648747,asia-east1,35.234.0.0/18,Google Cloud
2022-03-15 18:26:13,google,2022-03-14 10:05:50.648747,asia-east1,35.235.16.0/20,Google Cloud
2022-03-15 18:26:13,google,2022-03-14 10:05:50.648747,asia-east1,35.236.128.0/18,Google Cloud
2022-03-15 18:26:13,google,2022-03-14 10:05:50.648747,asia-east1,35.242.32.0/21,Google Cloud
2022-03-15 18:26:13,google,2022-03-14 10:05:50.648747,asia-east1,104.155.192.0/19,Google Cloud
2022-03-15 18:26:13,google,2022-03-14 10:05:50.648747,asia-east1,104.155.224.0/20,Google Cloud
2022-03-15 18:26:13,google,2022-03-14 10:05:50.648747,asia-east1,104.199.128.0/18,Google Cloud
2022-03-15 18:26:13,google,2022-03-14 10:05:50.648747,asia-east1,104.199.192.0/19,Google Cloud
2022-03-15 18:26:13,google,2022-03-14 10:05:50.648747,asia-east1,104.199.224.0/20,Google Cloud
2022-03-15 18:26:13,google,2022-03-14 10:05:50.648747,asia-east1,104.199.242.0/23,Google Cloud
2022-03-15 18:26:13,google,2022-03-14 10:05:50.648747,asia-east1,104.199.244.0/22,Google Cloud
2022-03-15 18:26:13,google,2022-03-14 10:05:50.648747,asia-east1,104.199.248.0/21,Google Cloud
2022-03-15 18:26:13,google,2022-03-14 10:05:50.648747,asia-east1,107.167.176.0/20,Google Cloud
2022-03-15 18:26:13,google,2022-03-14 10:05:50.648747,asia-east1,130.211.240.0/20,Google Cloud
2022-03-15 18:26:13,google,2022-03-14 10:05:50.648747,asia-east2,34.92.0.0/16,Google Cloud
2022-03-15 18:26:13,google,2022-03-14 10:05:50.648747,asia-east2,34.96.128.0/17,Google Cloud
2022-03-15 18:26:13,google,2022-03-14 10:05:50.648747,asia-east2,34.104.88.0/21,Google Cloud
2022-03-15 18:26:13,google,2022-03-14 10:05:50.648747,asia-east2,34.124.24.0/21,Google Cloud
2022-03-15 18:26:13,google,2022-03-14 10:05:50.648747,asia-east2,34.150.0.0/17,Google Cloud
2022-03-15 18:26:13,google,2022-03-14 10:05:50.648747,asia-east2,35.215.128.0/18,Google Cloud
2022-03-15 18:26:13,google,2022-03-14 10:05:50.648747,asia-east2,35.220.27.0/24,Google Cloud
2022-03-15 18:26:13,google,2022-03-14 10:05:50.648747,asia-east2,35.220.128.0/17,Google Cloud
2022-03-15 18:26:13,google,2022-03-14 10:05:50.648747,asia-east2,35.241.64.0/18,Google Cloud
2022-03-15 18:26:13,google,2022-03-14 10:05:50.648747,asia-east2,35.242.27.0/24,Google Cloud
2022-03-15 18:26:13,google,2022-03-14 10:05:50.648747,asia-east2,35.243.8.0/21,Google Cloud
2022-03-15 18:26:13,google,2022-03-14 10:05:50.648747,asia-northeast1,34.84.0.0/16,Google Cloud
2022-03-15 18:26:13,google,2022-03-14 10:05:50.648747,asia-northeast1,34.85.0.0/17,Google Cloud
2022-03-15 18:26:13,google,2022-03-14 10:05:50.648747,asia-northeast1,34.104.62.0/23,Google Cloud
2022-03-15 18:26:13,google,2022-03-14 10:05:50.648747,asia-northeast1,34.104.128.0/17,Google Cloud
2022-03-15 18:26:13,google,2022-03-14 10:05:50.648747,asia-northeast1,34.127.190.0/23,Google Cloud
2022-03-15 18:26:13,google,2022-03-14 10:05:50.648747,asia-northeast1,34.146.0.0/16,Google Cloud
2022-03-15 18:26:13,google,2022-03-14 10:05:50.648747,asia-northeast1,34.157.64.0/20,Google Cloud
2022-03-15 18:26:13,google,2022-03-14 10:05:50.648747,asia-northeast1,34.157.164.0/22,Google Cloud
2022-03-15 18:26:13,google,2022-03-14 10:05:50.648747,asia-northeast1,34.157.192.0/20,Google Cloud
2022-03-15 18:26:13,google,2022-03-14 10:05:50.648747,asia-northeast1,35.187.192.0/19,Google Cloud
2022-03-15 18:26:13,google,2022-03-14 10:05:50.648747,asia-northeast1,35.189.128.0/19,Google Cloud
2022-03-15 18:26:13,google,2022-03-14 10:05:50.648747,asia-northeast1,35.190.224.0/20,Google Cloud
2022-03-15 18:26:13,google,2022-03-14 10:05:50.648747,asia-northeast1,35.194.96.0/19,Google Cloud
2022-03-15 18:26:13,google,2022-03-14 10:05:50.648747,asia-northeast1,35.200.0.0/17,Google Cloud
2022-03-15 18:26:13,google,2022-03-14 10:05:50.648747,asia-northeast1,35.213.0.0/17,Google Cloud
2022-03-15 18:26:13,google,2022-03-14 10:05:50.648747,asia-northeast1,35.220.56.0/22,Google Cloud
2022-03-15 18:26:13,google,2022-03-14 10:05:50.648747,asia-northeast1,35.221.64.0/18,Google Cloud
2022-03-15 18:26:13,google,2022-03-14 10:05:50.648747,asia-northeast1,35.230.240.0/20,Google Cloud
2022-03-15 18:26:13,google,2022-03-14 10:05:50.648747,asia-northeast1,35.242.56.0/22,Google Cloud
2022-03-15 18:26:13,google,2022-03-14 10:05:50.648747,asia-northeast1,35.243.64.0/18,Google Cloud
2022-03-15 18:26:13,google,2022-03-14 10:05:50.648747,asia-northeast1,104.198.80.0/20,Google Cloud
2022-03-15 18:26:13,google,2022-03-14 10:05:50.648747,asia-northeast1,104.198.112.0/20,Google Cloud
2022-03-15 18:26:13,google,2022-03-14 10:05:50.648747,asia-northeast2,34.97.0.0/16,Google Cloud
2022-03-15 18:26:13,google,2022-03-14 10:05:50.648747,asia-northeast2,34.104.49.0/24,Google Cloud
2022-03-15 18:26:13,google,2022-03-14 10:05:50.648747,asia-northeast2,34.127.177.0/24,Google Cloud
2022-03-15 18:26:13,google,2022-03-14 10:05:50.648747,asia-northeast2,35.217.128.0/17,Google Cloud
2022-03-15 18:26:13,google,2022-03-14 10:05:50.648747,asia-northeast2,35.220.45.0/24,Google Cloud
2022-03-15 18:26:13,google,2022-03-14 10:05:50.648747,asia-northeast2,35.242.45.0/24,Google Cloud
2022-03-15 18:26:13,google,2022-03-14 10:05:50.648747,asia-northeast2,35.243.56.0/21,Google Cloud
2022-03-15 18:26:13,google,2022-03-14 10:05:50.648747,asia-northeast3,34.64.32.0/19,Google Cloud
2022-03-15 18:26:13,google,2022-03-14 10:05:50.648747,asia-northeast3,34.64.64.0/22,Google Cloud
2022-03-15 18:26:13,google,2022-03-14 10:05:50.648747,asia-northeast3,34.64.68.0/22,Google Cloud
2022-03-15 18:26:13,google,2022-03-14 10:05:50.648747,asia-northeast3,34.64.72.0/21,Google Cloud
2022-03-15 18:26:13,google,2022-03-14 10:05:50.648747,asia-northeast3,34.64.80.0/20,Google Cloud
2022-03-15 18:26:13,google,2022-03-14 10:05:50.648747,asia-northeast3,34.64.96.0/19,Google Cloud
2022-03-15 18:26:13,google,2022-03-14 10:05:50.648747,asia-northeast3,34.64.128.0/22,Google Cloud
2022-03-15 18:26:13,google,2022-03-14 10:05:50.648747,asia-northeast3,34.64.132.0/22,Google Cloud
2022-03-15 18:26:13,google,2022-03-14 10:05:50.648747,asia-northeast3,34.64.136.0/21,Google Cloud
2022-03-15 18:26:13,google,2022-03-14 10:05:50.648747,asia-northeast3,34.64.144.0/20,Google Cloud
2022-03-15 18:26:13,google,2022-03-14 10:05:50.648747,asia-northeast3,34.64.160.0/19,Google Cloud
2022-03-15 18:26:13,google,2022-03-14 10:05:50.648747,asia-northeast3,34.64.192.0/18,Google Cloud
2022-03-15 18:26:13,google,2022-03-14 10:05:50.648747,asia-northeast3,35.216.0.0/17,Google Cloud
2022-03-15 18:26:13,google,2022-03-14 10:05:50.648747,asia-south1,34.93.0.0/16,Google Cloud
2022-03-15 18:26:13,google,2022-03-14 10:05:50.648747,asia-south1,34.100.128.0/17,Google Cloud
2022-03-15 18:26:13,google,2022-03-14 10:05:50.648747,asia-south1,34.104.108.0/23,Google Cloud
2022-03-15 18:26:13,google,2022-03-14 10:05:50.648747,asia-south1,34.124.44.0/23,Google Cloud
2022-03-15 18:26:13,google,2022-03-14 10:05:50.648747,asia-south1,35.200.128.0/17,Google Cloud
2022-03-15 18:26:13,google,2022-03-14 10:05:50.648747,asia-south1,35.201.41.0/24,Google Cloud
2022-03-15 18:26:13,google,2022-03-14 10:05:50.648747,asia-south1,35.207.192.0/18,Google Cloud
2022-03-15 18:26:13,google,2022-03-14 10:05:50.648747,asia-south1,35.220.42.0/24,Google Cloud
2022-03-15 18:26:13,google,2022-03-14 10:05:50.648747,asia-south1,35.234.208.0/20,Google Cloud
2022-03-15 18:26:13,google,2022-03-14 10:05:50.648747,asia-south1,35.242.42.0/24,Google Cloud
2022-03-15 18:26:13,google,2022-03-14 10:05:50.648747,asia-south1,35.244.0.0/18,Google Cloud
2022-03-15 18:26:13,google,2022-03-14 10:05:50.648747,asia-south2,34.104.120.0/23,Google Cloud
2022-03-15 18:26:13,google,2022-03-14 10:05:50.648747,asia-south2,34.124.56.0/23,Google Cloud
2022-03-15 18:26:13,google,2022-03-14 10:05:50.648747,asia-south2,34.126.208.0/20,Google Cloud
2022-03-15 18:26:13,google,2022-03-14 10:05:50.648747,asia-south2,34.131.0.0/16,Google Cloud
2022-03-15 18:26:13,google,2022-03-14 10:05:50.648747,asia-southeast1,34.87.0.0/17,Google Cloud
2022-03-15 18:26:13,google,2022-03-14 10:05:50.648747,asia-southeast1,34.87.128.0/18,Google Cloud
2022-03-15 18:26:13,google,2022-03-14 10:05:50.648747,asia-southeast1,34.104.58.0/23,Google Cloud
2022-03-15 18:26:13,google,2022-03-14 10:05:50.648747,asia-southeast1,34.104.106.0/23,Google Cloud
2022-03-15 18:26:13,google,2022-03-14 10:05:50.648747,asia-southeast1,34.124.42.0/23,Google Cloud
2022-03-15 18:26:13,google,2022-03-14 10:05:50.648747,asia-southeast1,34.124.128.0/17,Google Cloud
2022-03-15 18:26:13,google,2022-03-14 10:05:50.648747,asia-southeast1,34.126.64.0/18,Google Cloud
2022-03-15 18:26:13,google,2022-03-14 10:05:50.648747,asia-southeast1,34.126.128.0/18,Google Cloud
2022-03-15 18:26:13,google,2022-03-14 10:05:50.648747,asia-southeast1,34.142.128.0/17,Google Cloud
2022-03-15 18:26:13,google,2022-03-14 10:05:50.648747,asia-southeast1,34.143.128.0/17,Google Cloud
2022-03-15 18:26:13,google,2022-03-14 10:05:50.648747,asia-southeast1,34.157.82.0/23,Google Cloud
2022-03-15 18:26:13,google,2022-03-14 10:05:50.648747,asia-southeast1,34.157.210.0/23,Google Cloud
2022-03-15 18:26:13,google,2022-03-14 10:05:50.648747,asia-southeast1,35.185.176.0/20,Google Cloud
2022-03-15 18:26:13,google,2022-03-14 10:05:50.648747,asia-southeast1,35.186.144.0/20,Google Cloud
2022-03-15 18:26:13,google,2022-03-14 10:05:50.648747,asia-southeast1,35.187.224.0/19,Google Cloud
2022-03-15 18:26:13,google,2022-03-14 10:05:50.648747,asia-southeast1,35.197.128.0/19,Google Cloud
2022-03-15 18:26:13,google,2022-03-14 10:05:50.648747,asia-southeast1,35.198.192.0/18,Google Cloud
2022-03-15 18:26:13,google,2022-03-14 10:05:50.648747,asia-southeast1,35.213.128.0/18,Google Cloud
2022-03-15 18:26:13,google,2022-03-14 10:05:50.648747,asia-southeast1,35.220.24.0/23,Google Cloud
2022-03-15 18:26:13,google,2022-03-14 10:05:50.648747,asia-southeast1,35.234.192.0/20,Google Cloud
2022-03-15 18:26:13,google,2022-03-14 10:05:50.648747,asia-southeast1,35.240.128.0/17,Google Cloud
2022-03-15 18:26:13,google,2022-03-14 10:05:50.648747,asia-southeast1,35.242.24.0/23,Google Cloud
2022-03-15 18:26:13,google,2022-03-14 10:05:50.648747,asia-southeast1,35.247.128.0/18,Google Cloud
2022-03-15 18:26:13,google,2022-03-14 10:05:50.648747,asia-southeast2,34.101.18.0/24,Google Cloud
2022-03-15 18:26:13,google,2022-03-14 10:05:50.648747,asia-southeast2,34.101.20.0/22,Google Cloud
2022-03-15 18:26:13,google,2022-03-14 10:05:50.648747,asia-southeast2,34.101.24.0/22,Google Cloud
2022-03-15 18:26:13,google,2022-03-14 10:05:50.648747,asia-southeast2,34.101.32.0/19,Google Cloud
2022-03-15 18:26:13,google,2022-03-14 10:05:50.648747,asia-southeast2,34.101.64.0/18,Google Cloud
2022-03-15 18:26:13,google,2022-03-14 10:05:50.648747,asia-southeast2,34.101.128.0/17,Google Cloud
2022-03-15 18:26:13,google,2022-03-14 10:05:50.648747,asia-southeast2,35.219.0.0/17,Google Cloud
2022-03-15 18:26:13,google,2022-03-14 10:05:50.648747,australia-southeast1,34.87.192.0/18,Google Cloud
2022-03-15 18:26:13,google,2022-03-14 10:05:50.648747,australia-southeast1,34.104.104.0/23,Google Cloud
2022-03-15 18:26:13,google,2022-03-14 10:05:50.648747,australia-southeast1,34.116.64.0/18,Google Cloud
2022-03-15 18:26:13,google,2022-03-14 10:05:50.648747,australia-southeast1,34.124.40.0/23,Google Cloud
2022-03-15 18:26:13,google,2022-03-14 10:05:50.648747,australia-southeast1,34.151.64.0/18,Google Cloud
2022-03-15 18:26:13,google,2022-03-14 10:05:50.648747,australia-southeast1,34.151.128.0/18,Google Cloud
2022-03-15 18:26:13,google,2022-03-14 10:05:50.648747,australia-southeast1,35.189.0.0/18,Google Cloud
2022-03-15 18:26:13,google,2022-03-14 10:05:50.648747,australia-southeast1,35.197.160.0/19,Google Cloud
2022-03-15 18:26:13,google,2022-03-14 10:05:50.648747,australia-southeast1,35.201.0.0/19,Google Cloud
2022-03-15 18:26:13,google,2022-03-14 10:05:50.648747,australia-southeast1,35.213.192.0/18,Google Cloud
2022-03-15 18:26:13,google,2022-03-14 10:05:50.648747,australia-southeast1,35.220.41.0/24,Google Cloud
2022-03-15 18:26:13,google,2022-03-14 10:05:50.648747,australia-southeast1,35.234.224.0/20,Google Cloud
2022-03-15 18:26:13,google,2022-03-14 10:05:50.648747,australia-southeast1,35.242.41.0/24,Google Cloud
2022-03-15 18:26:13,google,2022-03-14 10:05:50.648747,australia-southeast1,35.244.64.0/18,Google Cloud
2022-03-15 18:26:13,google,2022-03-14 10:05:50.648747,australia-southeast2,34.104.122.0/23,Google Cloud
2022-03-15 18:26:13,google,2022-03-14 10:05:50.648747,australia-southeast2,34.124.58.0/23,Google Cloud
2022-03-15 18:26:13,google,2022-03-14 10:05:50.648747,australia-southeast2,34.126.192.0/20,Google Cloud
2022-03-15 18:26:13,google,2022-03-14 10:05:50.648747,australia-southeast2,34.129.0.0/16,Google Cloud
2022-03-15 18:26:13,google,2022-03-14 10:05:50.648747,europe-central2,34.104.116.0/22,Google Cloud
2022-03-15 18:26:13,google,2022-03-14 10:05:50.648747,europe-central2,34.116.128.0/17,Google Cloud
2022-03-15 18:26:13,google,2022-03-14 10:05:50.648747,europe-central2,34.118.0.0/17,Google Cloud
2022-03-15 18:26:13,google,2022-03-14 10:05:50.648747,europe-central2,34.124.52.0/22,Google Cloud
2022-03-15 18:26:13,google,2022-03-14 10:05:50.648747,europe-north1,34.88.0.0/16,Google Cloud
2022-03-15 18:26:13,google,2022-03-14 10:05:50.648747,europe-north1,34.104.96.0/21,Google Cloud
2022-03-15 18:26:13,google,2022-03-14 10:05:50.648747,europe-north1,34.124.32.0/21,Google Cloud
2022-03-15 18:26:13,google,2022-03-14 10:05:50.648747,europe-north1,35.203.232.0/21,Google Cloud
2022-03-15 18:26:13,google,2022-03-14 10:05:50.648747,europe-north1,35.217.0.0/18,Google Cloud
2022-03-15 18:26:13,google,2022-03-14 10:05:50.648747,europe-north1,35.220.26.0/24,Google Cloud
2022-03-15 18:26:13,google,2022-03-14 10:05:50.648747,europe-north1,35.228.0.0/16,Google Cloud
2022-03-15 18:26:13,google,2022-03-14 10:05:50.648747,europe-north1,35.242.26.0/24,Google Cloud
2022-03-15 18:26:13,google,2022-03-14 10:05:50.648747,europe-west1,8.34.208.0/23,Google Cloud
2022-03-15 18:26:13,google,2022-03-14 10:05:50.648747,europe-west1,8.34.211.0/24,Google Cloud
2022-03-15 18:26:13,google,2022-03-14 10:05:50.648747,europe-west1,8.34.220.0/22,Google Cloud
2022-03-15 18:26:13,google,2022-03-14 10:05:50.648747,europe-west1,23.251.128.0/20,Google Cloud
2022-03-15 18:26:13,google,2022-03-14 10:05:50.648747,europe-west1,34.76.0.0/14,Google Cloud
2022-03-15 18:26:13,google,2022-03-14 10:05:50.648747,europe-west1,34.140.0.0/16,Google Cloud
2022-03-15 18:26:13,google,2022-03-14 10:05:50.648747,europe-west1,35.187.0.0/17,Google Cloud
2022-03-15 18:26:13,google,2022-03-14 10:05:50.648747,europe-west1,35.187.160.0/19,Google Cloud
2022-03-15 18:26:13,google,2022-03-14 10:05:50.648747,europe-west1,35.189.192.0/18,Google Cloud
2022-03-15 18:26:13,google,2022-03-14 10:05:50.648747,europe-west1,35.190.192.0/19,Google Cloud
2022-03-15 18:26:13,google,2022-03-14 10:05:50.648747,europe-west1,35.195.0.0/16,Google Cloud
2022-03-15 18:26:13,google,2022-03-14 10:05:50.648747,europe-west1,35.205.0.0/16,Google Cloud
2022-03-15 18:26:13,google,2022-03-14 10:05:50.648747,europe-west1,35.206.128.0/18,Google Cloud
2022-03-15 18:26:13,google,2022-03-14 10:05:50.648747,europe-west1,35.210.0.0/16,Google Cloud
2022-03-15 18:26:13,google,2022-03-14 10:05:50.648747,europe-west1,35.220.96.0/19,Google Cloud
2022-03-15 18:26:13,google,2022-03-14 10:05:50.648747,europe-west1,35.233.0.0/17,Google Cloud
2022-03-15 18:26:13,google,2022-03-14 10:05:50.648747,europe-west1,35.240.0.0/17,Google Cloud
2022-03-15 18:26:13,google,2022-03-14 10:05:50.648747,europe-west1,35.241.128.0/17,Google Cloud
2022-03-15 18:26:13,google,2022-03-14 10:05:50.648747,europe-west1,35.242.64.0/19,Google Cloud
2022-03-15 18:26:13,google,2022-03-14 10:05:50.648747,europe-west1,104.155.0.0/17,Google Cloud
2022-03-15 18:26:13,google,2022-03-14 10:05:50.648747,europe-west1,104.199.0.0/18,Google Cloud
2022-03-15 18:26:13,google,2022-03-14 10:05:50.648747,europe-west1,104.199.66.0/23,Google Cloud
2022-03-15 18:26:13,google,2022-03-14 10:05:50.648747,europe-west1,104.199.68.0/22,Google Cloud
2022-03-15 18:26:13,google,2022-03-14 10:05:50.648747,europe-west1,104.199.72.0/21,Google Cloud
2022-03-15 18:26:13,google,2022-03-14 10:05:50.648747,europe-west1,104.199.80.0/20,Google Cloud
2022-03-15 18:26:13,google,2022-03-14 10:05:50.648747,europe-west1,104.199.96.0/20,Google Cloud
2022-03-15 18:26:13,google,2022-03-14 10:05:50.648747,europe-west1,130.211.48.0/20,Google Cloud
2022-03-15 18:26:13,google,2022-03-14 10:05:50.648747,europe-west1,130.211.64.0/19,Google Cloud
2022-03-15 18:26:13,google,2022-03-14 10:05:50.648747,europe-west1,130.211.96.0/20,Google Cloud
2022-03-15 18:26:13,google,2022-03-14 10:05:50.648747,europe-west1,146.148.2.0/23,Google Cloud
2022-03-15 18:26:13,google,2022-03-14 10:05:50.648747,europe-west1,146.148.4.0/22,Google Cloud
2022-03-15 18:26:13,google,2022-03-14 10:05:50.648747,europe-west1,146.148.8.0/21,Google Cloud
2022-03-15 18:26:13,google,2022-03-14 10:05:50.648747,europe-west1,146.148.16.0/20,Google Cloud
2022-03-15 18:26:13,google,2022-03-14 10:05:50.648747,europe-west1,146.148.112.0/20,Google Cloud
2022-03-15 18:26:13,google,2022-03-14 10:05:50.648747,europe-west1,192.158.28.0/22,Google Cloud
2022-03-15 18:26:13,google,2022-03-14 10:05:50.648747,europe-west2,34.89.0.0/17,Google Cloud
2022-03-15 18:26:13,google,2022-03-14 10:05:50.648747,europe-west2,34.105.128.0/17,Google Cloud
2022-03-15 18:26:13,google,2022-03-14 10:05:50.648747,europe-west2,34.127.186.0/23,Google Cloud
2022-03-15 18:26:13,google,2022-03-14 10:05:50.648747,europe-west2,34.142.0.0/17,Google Cloud
2022-03-15 18:26:13,google,2022-03-14 10:05:50.648747,europe-west2,34.147.128.0/17,Google Cloud
2022-03-15 18:26:13,google,2022-03-14 10:05:50.648747,europe-west2,34.157.36.0/22,Google Cloud
2022-03-15 18:26:13,google,2022-03-14 10:05:50.648747,europe-west2,34.157.40.0/22,Google Cloud
2022-03-15 18:26:13,google,2022-03-14 10:05:50.648747,europe-west2,34.157.168.0/22,Google Cloud
2022-03-15 18:26:13,google,2022-03-14 10:05:50.648747,europe-west2,35.189.64.0/18,Google Cloud
2022-03-15 18:26:13,google,2022-03-14 10:05:50.648747,europe-west2,35.197.192.0/18,Google Cloud
2022-03-15 18:26:13,google,2022-03-14 10:05:50.648747,europe-west2,35.203.210.0/23,Google Cloud
2022-03-15 18:26:13,google,2022-03-14 10:05:50.648747,europe-west2,35.203.212.0/22,Google Cloud
2022-03-15 18:26:13,google,2022-03-14 10:05:50.648747,europe-west2,35.203.216.0/22,Google Cloud
2022-03-15 18:26:13,google,2022-03-14 10:05:50.648747,europe-west2,35.214.0.0/17,Google Cloud
2022-03-15 18:26:13,google,2022-03-14 10:05:50.648747,europe-west2,35.220.20.0/22,Google Cloud
2022-03-15 18:26:13,google,2022-03-14 10:05:50.648747,europe-west2,35.230.128.0/19,Google Cloud
2022-03-15 18:26:13,google,2022-03-14 10:05:50.648747,europe-west2,35.234.128.0/19,Google Cloud
2022-03-15 18:26:13,google,2022-03-14 10:05:50.648747,europe-west2,35.235.48.0/20,Google Cloud
2022-03-15 18:26:13,google,2022-03-14 10:05:50.648747,europe-west2,35.242.20.0/22,Google Cloud
2022-03-15 18:26:13,google,2022-03-14 10:05:50.648747,europe-west2,35.242.128.0/18,Google Cloud
2022-03-15 18:26:13,google,2022-03-14 10:05:50.648747,europe-west2,35.246.0.0/17,Google Cloud
2022-03-15 18:26:13,google,2022-03-14 10:05:50.648747,europe-west3,34.89.128.0/17,Google Cloud
2022-03-15 18:26:13,google,2022-03-14 10:05:50.648747,europe-west3,34.104.112.0/23,Google Cloud
2022-03-15 18:26:13,google,2022-03-14 10:05:50.648747,europe-west3,34.107.0.0/17,Google Cloud
2022-03-15 18:26:13,google,2022-03-14 10:05:50.648747,europe-west3,34.124.48.0/23,Google Cloud
2022-03-15 18:26:13,google,2022-03-14 10:05:50.648747,europe-west3,34.141.0.0/17,Google Cloud
2022-03-15 18:26:13,google,2022-03-14 10:05:50.648747,europe-west3,34.157.48.0/20,Google Cloud
2022-03-15 18:26:13,google,2022-03-14 10:05:50.648747,europe-west3,34.157.176.0/20,Google Cloud
2022-03-15 18:26:13,google,2022-03-14 10:05:50.648747,europe-west3,34.159.0.0/16,Google Cloud
2022-03-15 18:26:13,google,2022-03-14 10:05:50.648747,europe-west3,35.198.64.0/18,Google Cloud
2022-03-15 18:26:13,google,2022-03-14 10:05:50.648747,europe-west3,35.198.128.0/18,Google Cloud
2022-03-15 18:26:13,google,2022-03-14 10:05:50.648747,europe-west3,35.207.64.0/18,Google Cloud
2022-03-15 18:26:13,google,2022-03-14 10:05:50.648747,europe-west3,35.207.128.0/18,Google Cloud
2022-03-15 18:26:13,google,2022-03-14 10:05:50.648747,europe-west3,35.220.18.0/23,Google Cloud
2022-03-15 18:26:13,google,2022-03-14 10:05:50.648747,europe-west3,35.234.64.0/18,Google Cloud
2022-03-15 18:26:13,google,2022-03-14 10:05:50.648747,europe-west3,35.235.32.0/20,Google Cloud
2022-03-15 18:26:13,google,2022-03-14 10:05:50.648747,europe-west3,35.242.18.0/23,Google Cloud
2022-03-15 18:26:13,google,2022-03-14 10:05:50.648747,europe-west3,35.242.192.0/18,Google Cloud
2022-03-15 18:26:13,google,2022-03-14 10:05:50.648747,europe-west3,35.246.128.0/17,Google Cloud
2022-03-15 18:26:13,google,2022-03-14 10:05:50.648747,europe-west4,34.90.0.0/15,Google Cloud
2022-03-15 18:26:13,google,2022-03-14 10:05:50.648747,europe-west4,34.104.126.0/23,Google Cloud
2022-03-15 18:26:13,google,2022-03-14 10:05:50.648747,europe-west4,34.124.62.0/23,Google Cloud
2022-03-15 18:26:13,google,2022-03-14 10:05:50.648747,europe-west4,34.141.128.0/17,Google Cloud
2022-03-15 18:26:13,google,2022-03-14 10:05:50.648747,europe-west4,34.147.0.0/17,Google Cloud
2022-03-15 18:26:13,google,2022-03-14 10:05:50.648747,europe-west4,34.157.80.0/23,Google Cloud
2022-03-15 18:26:13,google,2022-03-14 10:05:50.648747,europe-west4,34.157.208.0/23,Google Cloud
2022-03-15 18:26:13,google,2022-03-14 10:05:50.648747,europe-west4,35.204.0.0/16,Google Cloud
2022-03-15 18:26:13,google,2022-03-14 10:05:50.648747,europe-west4,35.214.128.0/17,Google Cloud
2022-03-15 18:26:13,google,2022-03-14 10:05:50.648747,europe-west4,35.220.16.0/23,Google Cloud
2022-03-15 18:26:13,google,2022-03-14 10:05:50.648747,europe-west4,35.234.160.0/20,Google Cloud
2022-03-15 18:26:13,google,2022-03-14 10:05:50.648747,europe-west4,35.242.16.0/23,Google Cloud
2022-03-15 18:26:13,google,2022-03-14 10:05:50.648747,europe-west6,34.65.0.0/16,Google Cloud
2022-03-15 18:26:13,google,2022-03-14 10:05:50.648747,europe-west6,34.104.110.0/23,Google Cloud
2022-03-15 18:26:13,google,2022-03-14 10:05:50.648747,europe-west6,34.124.46.0/23,Google Cloud
2022-03-15 18:26:13,google,2022-03-14 10:05:50.648747,europe-west6,35.216.128.0/17,Google Cloud
2022-03-15 18:26:13,google,2022-03-14 10:05:50.648747,europe-west6,35.220.44.0/24,Google Cloud
2022-03-15 18:26:13,google,2022-03-14 10:05:50.648747,europe-west6,35.235.216.0/21,Google Cloud
2022-03-15 18:26:13,google,2022-03-14 10:05:50.648747,europe-west6,35.242.44.0/24,Google Cloud
2022-03-15 18:26:13,google,2022-03-14 10:05:50.648747,europe-west8,34.154.0.0/16,Google Cloud
2022-03-15 18:26:13,google,2022-03-14 10:05:50.648747,europe-west8,34.157.8.0/23,Google Cloud
2022-03-15 18:26:13,google,2022-03-14 10:05:50.648747,europe-west8,34.157.136.0/23,Google Cloud
2022-03-15 18:26:13,google,2022-03-14 10:05:50.648747,europe-west9,34.155.0.0/16,Google Cloud
2022-03-15 18:26:13,google,2022-03-14 10:05:50.648747,europe-west9,34.157.12.0/22,Google Cloud
2022-03-15 18:26:13,google,2022-03-14 10:05:50.648747,europe-west9,34.157.140.0/22,Google Cloud
2022-03-15 18:26:13,google,2022-03-14 10:05:50.648747,europe-west9,34.163.0.0/16,Google Cloud
2022-03-15 18:26:13,google,2022-03-14 10:05:50.648747,global,34.95.64.0/18,Google Cloud
2022-03-15 18:26:13,google,2022-03-14 10:05:50.648747,global,34.96.64.0/18,Google Cloud
2022-03-15 18:26:13,google,2022-03-14 10:05:50.648747,global,34.98.64.0/18,Google Cloud
2022-03-15 18:26:13,google,2022-03-14 10:05:50.648747,global,34.102.128.0/17,Google Cloud
2022-03-15 18:26:13,google,2022-03-14 10:05:50.648747,global,34.104.27.0/24,Google Cloud
2022-03-15 18:26:13,google,2022-03-14 10:05:50.648747,global,34.107.128.0/17,Google Cloud
2022-03-15 18:26:13,google,2022-03-14 10:05:50.648747,global,34.110.128.0/17,Google Cloud
2022-03-15 18:26:13,google,2022-03-14 10:05:50.648747,global,34.111.0.0/16,Google Cloud
2022-03-15 18:26:13,google,2022-03-14 10:05:50.648747,global,34.116.0.0/21,Google Cloud
2022-03-15 18:26:13,google,2022-03-14 10:05:50.648747,global,34.117.0.0/16,Google Cloud
2022-03-15 18:26:13,google,2022-03-14 10:05:50.648747,global,34.120.0.0/16,Google Cloud
2022-03-15 18:26:13,google,2022-03-14 10:05:50.648747,global,34.149.0.0/16,Google Cloud
2022-03-15 18:26:13,google,2022-03-14 10:05:50.648747,global,35.186.192.0/18,Google Cloud
2022-03-15 18:26:13,google,2022-03-14 10:05:50.648747,global,35.190.0.0/18,Google Cloud
2022-03-15 18:26:13,google,2022-03-14 10:05:50.648747,global,35.190.64.0/19,Google Cloud
2022-03-15 18:26:13,google,2022-03-14 10:05:50.648747,global,35.190.112.0/20,Google Cloud
2022-03-15 18:26:13,google,2022-03-14 10:05:50.648747,global,35.201.64.0/18,Google Cloud
2022-03-15 18:26:13,google,2022-03-14 10:05:50.648747,global,35.227.192.0/18,Google Cloud
2022-03-15 18:26:13,google,2022-03-14 10:05:50.648747,global,35.241.0.0/18,Google Cloud
2022-03-15 18:26:13,google,2022-03-14 10:05:50.648747,global,35.244.128.0/17,Google Cloud
2022-03-15 18:26:13,google,2022-03-14 10:05:50.648747,global,107.178.240.0/20,Google Cloud
2022-03-15 18:26:13,google,2022-03-14 10:05:50.648747,global,130.211.4.0/22,Google Cloud
2022-03-15 18:26:13,google,2022-03-14 10:05:50.648747,global,130.211.8.0/21,Google Cloud
2022-03-15 18:26:13,google,2022-03-14 10:05:50.648747,global,130.211.16.0/20,Google Cloud
2022-03-15 18:26:13,google,2022-03-14 10:05:50.648747,global,130.211.32.0/20,Google Cloud
2022-03-15 18:26:13,google,2022-03-14 10:05:50.648747,northamerica-northeast1,34.95.0.0/18,Google Cloud
2022-03-15 18:26:13,google,2022-03-14 10:05:50.648747,northamerica-northeast1,34.104.76.0/22,Google Cloud
2022-03-15 18:26:13,google,2022-03-14 10:05:50.648747,northamerica-northeast1,34.124.12.0/22,Google Cloud
2022-03-15 18:26:13,google,2022-03-14 10:05:50.648747,northamerica-northeast1,34.152.0.0/18,Google Cloud
2022-03-15 18:26:13,google,2022-03-14 10:05:50.648747,northamerica-northeast1,35.203.0.0/17,Google Cloud
2022-03-15 18:26:13,google,2022-03-14 10:05:50.648747,northamerica-northeast1,35.215.0.0/18,Google Cloud
2022-03-15 18:26:13,google,2022-03-14 10:05:50.648747,northamerica-northeast1,35.220.43.0/24,Google Cloud
2022-03-15 18:26:13,google,2022-03-14 10:05:50.648747,northamerica-northeast1,35.234.240.0/20,Google Cloud
2022-03-15 18:26:13,google,2022-03-14 10:05:50.648747,northamerica-northeast1,35.242.43.0/24,Google Cloud
2022-03-15 18:26:13,google,2022-03-14 10:05:50.648747,northamerica-northeast2,34.104.114.0/23,Google Cloud
2022-03-15 18:26:13,google,2022-03-14 10:05:50.648747,northamerica-northeast2,34.124.50.0/23,Google Cloud
2022-03-15 18:26:13,google,2022-03-14 10:05:50.648747,northamerica-northeast2,34.124.112.0/20,Google Cloud
2022-03-15 18:26:13,google,2022-03-14 10:05:50.648747,northamerica-northeast2,34.130.0.0/16,Google Cloud
2022-03-15 18:26:13,google,2022-03-14 10:05:50.648747,southamerica-east1,34.95.128.0/17,Google Cloud
2022-03-15 18:26:13,google,2022-03-14 10:05:50.648747,southamerica-east1,34.104.80.0/21,Google Cloud
2022-03-15 18:26:13,google,2022-03-14 10:05:50.648747,southamerica-east1,34.124.16.0/21,Google Cloud
2022-03-15 18:26:13,google,2022-03-14 10:05:50.648747,southamerica-east1,34.151.0.0/18,Google Cloud
2022-03-15 18:26:13,google,2022-03-14 10:05:50.648747,southamerica-east1,34.151.192.0/18,Google Cloud
2022-03-15 18:26:13,google,2022-03-14 10:05:50.648747,southamerica-east1,35.198.0.0/18,Google Cloud
2022-03-15 18:26:13,google,2022-03-14 10:05:50.648747,southamerica-east1,35.199.64.0/18,Google Cloud
2022-03-15 18:26:13,google,2022-03-14 10:05:50.648747,southamerica-east1,35.215.192.0/18,Google Cloud
2022-03-15 18:26:13,google,2022-03-14 10:05:50.648747,southamerica-east1,35.220.40.0/24,Google Cloud
2022-03-15 18:26:13,google,2022-03-14 10:05:50.648747,southamerica-east1,35.235.0.0/20,Google Cloud
2022-03-15 18:26:13,google,2022-03-14 10:05:50.648747,southamerica-east1,35.242.40.0/24,Google Cloud
2022-03-15 18:26:13,google,2022-03-14 10:05:50.648747,southamerica-east1,35.247.192.0/18,Google Cloud
2022-03-15 18:26:13,google,2022-03-14 10:05:50.648747,southamerica-west1,34.104.50.0/23,Google Cloud
2022-03-15 18:26:13,google,2022-03-14 10:05:50.648747,southamerica-west1,34.127.178.0/23,Google Cloud
2022-03-15 18:26:13,google,2022-03-14 10:05:50.648747,southamerica-west1,34.176.0.0/16,Google Cloud
2022-03-15 18:26:13,google,2022-03-14 10:05:50.648747,us-central1,8.34.210.0/24,Google Cloud
2022-03-15 18:26:13,google,2022-03-14 10:05:50.648747,us-central1,8.34.212.0/22,Google Cloud
2022-03-15 18:26:13,google,2022-03-14 10:05:50.648747,us-central1,8.34.216.0/22,Google Cloud
2022-03-15 18:26:13,google,2022-03-14 10:05:50.648747,us-central1,8.35.192.0/21,Google Cloud
2022-03-15 18:26:13,google,2022-03-14 10:05:50.648747,us-central1,23.236.48.0/20,Google Cloud
2022-03-15 18:26:13,google,2022-03-14 10:05:50.648747,us-central1,23.251.144.0/20,Google Cloud
2022-03-15 18:26:13,google,2022-03-14 10:05:50.648747,us-central1,34.66.0.0/15,Google Cloud
2022-03-15 18:26:13,google,2022-03-14 10:05:50.648747,us-central1,34.68.0.0/14,Google Cloud
2022-03-15 18:26:13,google,2022-03-14 10:05:50.648747,us-central1,34.72.0.0/16,Google Cloud
2022-03-15 18:26:13,google,2022-03-14 10:05:50.648747,us-central1,34.121.0.0/16,Google Cloud
2022-03-15 18:26:13,google,2022-03-14 10:05:50.648747,us-central1,34.122.0.0/15,Google Cloud
2022-03-15 18:26:13,google,2022-03-14 10:05:50.648747,us-central1,34.132.0.0/14,Google Cloud
2022-03-15 18:26:13,google,2022-03-14 10:05:50.648747,us-central1,34.136.0.0/16,Google Cloud
2022-03-15 18:26:13,google,2022-03-14 10:05:50.648747,us-central1,34.157.84.0/23,Google Cloud
2022-03-15 18:26:13,google,2022-03-14 10:05:50.648747,us-central1,34.157.212.0/23,Google Cloud
2022-03-15 18:26:13,google,2022-03-14 10:05:50.648747,us-central1,34.170.0.0/15,Google Cloud
2022-03-15 18:26:13,google,2022-03-14 10:05:50.648747,us-central1,34.172.0.0/15,Google Cloud
2022-03-15 18:26:13,google,2022-03-14 10:05:50.648747,us-central1,35.184.0.0/16,Google Cloud
2022-03-15 18:26:13,google,2022-03-14 10:05:50.648747,us-central1,35.188.0.0/17,Google Cloud
2022-03-15 18:26:13,google,2022-03-14 10:05:50.648747,us-central1,35.188.128.0/18,Google Cloud
2022-03-15 18:26:13,google,2022-03-14 10:05:50.648747,us-central1,35.188.192.0/19,Google Cloud
2022-03-15 18:26:13,google,2022-03-14 10:05:50.648747,us-central1,35.192.0.0/15,Google Cloud
2022-03-15 18:26:13,google,2022-03-14 10:05:50.648747,us-central1,35.194.0.0/18,Google Cloud
2022-03-15 18:26:13,google,2022-03-14 10:05:50.648747,us-central1,35.202.0.0/16,Google Cloud
2022-03-15 18:26:13,google,2022-03-14 10:05:50.648747,us-central1,35.206.64.0/18,Google Cloud
2022-03-15 18:26:13,google,2022-03-14 10:05:50.648747,us-central1,35.208.0.0/15,Google Cloud
2022-03-15 18:26:13,google,2022-03-14 10:05:50.648747,us-central1,35.220.64.0/19,Google Cloud
2022-03-15 18:26:13,google,2022-03-14 10:05:50.648747,us-central1,35.222.0.0/15,Google Cloud
2022-03-15 18:26:13,google,2022-03-14 10:05:50.648747,us-central1,35.224.0.0/15,Google Cloud
2022-03-15 18:26:13,google,2022-03-14 10:05:50.648747,us-central1,35.226.0.0/16,Google Cloud
2022-03-15 18:26:13,google,2022-03-14 10:05:50.648747,us-central1,35.232.0.0/16,Google Cloud
2022-03-15 18:26:13,google,2022-03-14 10:05:50.648747,us-central1,35.238.0.0/15,Google Cloud
2022-03-15 18:26:13,google,2022-03-14 10:05:50.648747,us-central1,35.242.96.0/19,Google Cloud
2022-03-15 18:26:13,google,2022-03-14 10:05:50.648747,us-central1,104.154.16.0/20,Google Cloud
2022-03-15 18:26:13,google,2022-03-14 10:05:50.648747,us-central1,104.154.32.0/19,Google Cloud
2022-03-15 18:26:13,google,2022-03-14 10:05:50.648747,us-central1,104.154.64.0/19,Google Cloud
2022-03-15 18:26:13,google,2022-03-14 10:05:50.648747,us-central1,104.154.96.0/20,Google Cloud
2022-03-15 18:26:13,google,2022-03-14 10:05:50.648747,us-central1,104.154.113.0/24,Google Cloud
2022-03-15 18:26:13,google,2022-03-14 10:05:50.648747,us-central1,104.154.114.0/23,Google Cloud
2022-03-15 18:26:13,google,2022-03-14 10:05:50.648747,us-central1,104.154.116.0/22,Google Cloud
2022-03-15 18:26:13,google,2022-03-14 10:05:50.648747,us-central1,104.154.120.0/23,Google Cloud
2022-03-15 18:26:13,google,2022-03-14 10:05:50.648747,us-central1,104.154.128.0/17,Google Cloud
2022-03-15 18:26:13,google,2022-03-14 10:05:50.648747,us-central1,104.155.128.0/18,Google Cloud
2022-03-15 18:26:13,google,2022-03-14 10:05:50.648747,us-central1,104.197.0.0/16,Google Cloud
2022-03-15 18:26:13,google,2022-03-14 10:05:50.648747,us-central1,104.198.16.0/20,Google Cloud
2022-03-15 18:26:13,google,2022-03-14 10:05:50.648747,us-central1,104.198.32.0/19,Google Cloud
2022-03-15 18:26:13,google,2022-03-14 10:05:50.648747,us-central1,104.198.64.0/20,Google Cloud
2022-03-15 18:26:13,google,2022-03-14 10:05:50.648747,us-central1,104.198.128.0/17,Google Cloud
2022-03-15 18:26:13,google,2022-03-14 10:05:50.648747,us-central1,107.178.208.0/20,Google Cloud
2022-03-15 18:26:13,google,2022-03-14 10:05:50.648747,us-central1,108.59.80.0/21,Google Cloud
2022-03-15 18:26:13,google,2022-03-14 10:05:50.648747,us-central1,130.211.112.0/20,Google Cloud
2022-03-15 18:26:13,google,2022-03-14 10:05:50.648747,us-central1,130.211.128.0/18,Google Cloud
2022-03-15 18:26:13,google,2022-03-14 10:05:50.648747,us-central1,130.211.192.0/19,Google Cloud
2022-03-15 18:26:13,google,2022-03-14 10:05:50.648747,us-central1,130.211.224.0/20,Google Cloud
2022-03-15 18:26:13,google,2022-03-14 10:05:50.648747,us-central1,146.148.32.0/19,Google Cloud
2022-03-15 18:26:13,google,2022-03-14 10:05:50.648747,us-central1,146.148.64.0/19,Google Cloud
2022-03-15 18:26:13,google,2022-03-14 10:05:50.648747,us-central1,146.148.96.0/20,Google Cloud
2022-03-15 18:26:13,google,2022-03-14 10:05:50.648747,us-central1,162.222.176.0/21,Google Cloud
2022-03-15 18:26:13,google,2022-03-14 10:05:50.648747,us-central1,173.255.112.0/21,Google Cloud
2022-03-15 18:26:13,google,2022-03-14 10:05:50.648747,us-central1,199.192.115.0/24,Google Cloud
2022-03-15 18:26:13,google,2022-03-14 10:05:50.648747,us-central1,199.223.232.0/22,Google Cloud
2022-03-15 18:26:13,google,2022-03-14 10:05:50.648747,us-central1,199.223.236.0/24,Google Cloud
2022-03-15 18:26:13,google,2022-03-14 10:05:50.648747,us-central2,35.186.0.0/17,Google Cloud
2022-03-15 18:26:13,google,2022-03-14 10:05:50.648747,us-central2,35.186.128.0/20,Google Cloud
2022-03-15 18:26:13,google,2022-03-14 10:05:50.648747,us-central2,35.206.32.0/19,Google Cloud
2022-03-15 18:26:13,google,2022-03-14 10:05:50.648747,us-central2,35.220.46.0/24,Google Cloud
2022-03-15 18:26:13,google,2022-03-14 10:05:50.648747,us-central2,35.242.46.0/24,Google Cloud
2022-03-15 18:26:13,google,2022-03-14 10:05:50.648747,us-central2,107.167.160.0/20,Google Cloud
2022-03-15 18:26:13,google,2022-03-14 10:05:50.648747,us-central2,108.59.88.0/21,Google Cloud
2022-03-15 18:26:13,google,2022-03-14 10:05:50.648747,us-central2,173.255.120.0/21,Google Cloud
2022-03-15 18:26:13,google,2022-03-14 10:05:50.648747,us-east1,34.73.0.0/16,Google Cloud
2022-03-15 18:26:13,google,2022-03-14 10:05:50.648747,us-east1,34.74.0.0/15,Google Cloud
2022-03-15 18:26:13,google,2022-03-14 10:05:50.648747,us-east1,34.98.128.0/21,Google Cloud
2022-03-15 18:26:13,google,2022-03-14 10:05:50.648747,us-east1,34.138.0.0/15,Google Cloud
2022-03-15 18:26:13,google,2022-03-14 10:05:50.648747,us-east1,34.148.0.0/16,Google Cloud
2022-03-15 18:26:13,google,2022-03-14 10:05:50.648747,us-east1,35.185.0.0/17,Google Cloud
2022-03-15 18:26:13,google,2022-03-14 10:05:50.648747,us-east1,35.190.128.0/18,Google Cloud
2022-03-15 18:26:13,google,2022-03-14 10:05:50.648747,us-east1,35.196.0.0/16,Google Cloud
2022-03-15 18:26:13,google,2022-03-14 10:05:50.648747,us-east1,35.207.0.0/18,Google Cloud
2022-03-15 18:26:13,google,2022-03-14 10:05:50.648747,us-east1,35.211.0.0/16,Google Cloud
2022-03-15 18:26:13,google,2022-03-14 10:05:50.648747,us-east1,35.220.0.0/20,Google Cloud
2022-03-15 18:26:13,google,2022-03-14 10:05:50.648747,us-east1,35.227.0.0/17,Google Cloud
2022-03-15 18:26:13,google,2022-03-14 10:05:50.648747,us-east1,35.229.16.0/20,Google Cloud
2022-03-15 18:26:13,google,2022-03-14 10:05:50.648747,us-east1,35.229.32.0/19,Google Cloud
2022-03-15 18:26:13,google,2022-03-14 10:05:50.648747,us-east1,35.229.64.0/18,Google Cloud
2022-03-15 18:26:13,google,2022-03-14 10:05:50.648747,us-east1,35.231.0.0/16,Google Cloud
2022-03-15 18:26:13,google,2022-03-14 10:05:50.648747,us-east1,35.237.0.0/16,Google Cloud
2022-03-15 18:26:13,google,2022-03-14 10:05:50.648747,us-east1,35.242.0.0/20,Google Cloud
2022-03-15 18:26:13,google,2022-03-14 10:05:50.648747,us-east1,35.243.128.0/17,Google Cloud
2022-03-15 18:26:13,google,2022-03-14 10:05:50.648747,us-east1,104.196.0.0/18,Google Cloud
2022-03-15 18:26:13,google,2022-03-14 10:05:50.648747,us-east1,104.196.65.0/24,Google Cloud
2022-03-15 18:26:13,google,2022-03-14 10:05:50.648747,us-east1,104.196.66.0/23,Google Cloud
2022-03-15 18:26:13,google,2022-03-14 10:05:50.648747,us-east1,104.196.68.0/22,Google Cloud
2022-03-15 18:26:13,google,2022-03-14 10:05:50.648747,us-east1,104.196.96.0/19,Google Cloud
2022-03-15 18:26:13,google,2022-03-14 10:05:50.648747,us-east1,104.196.128.0/18,Google Cloud
2022-03-15 18:26:13,google,2022-03-14 10:05:50.648747,us-east1,104.196.192.0/19,Google Cloud
2022-03-15 18:26:13,google,2022-03-14 10:05:50.648747,us-east1,162.216.148.0/22,Google Cloud
2022-03-15 18:26:13,google,2022-03-14 10:05:50.648747,us-east4,34.85.128.0/17,Google Cloud
2022-03-15 18:26:13,google,2022-03-14 10:05:50.648747,us-east4,34.86.0.0/16,Google Cloud
2022-03-15 18:26:13,google,2022-03-14 10:05:50.648747,us-east4,34.104.60.0/23,Google Cloud
2022-03-15 18:26:13,google,2022-03-14 10:05:50.648747,us-east4,34.104.124.0/23,Google Cloud
2022-03-15 18:26:13,google,2022-03-14 10:05:50.648747,us-east4,34.124.60.0/23,Google Cloud
2022-03-15 18:26:13,google,2022-03-14 10:05:50.648747,us-east4,34.127.188.0/23,Google Cloud
2022-03-15 18:26:13,google,2022-03-14 10:05:50.648747,us-east4,34.145.128.0/17,Google Cloud
2022-03-15 18:26:13,google,2022-03-14 10:05:50.648747,us-east4,34.150.128.0/17,Google Cloud
2022-03-15 18:26:13,google,2022-03-14 10:05:50.648747,us-east4,34.157.0.0/21,Google Cloud
2022-03-15 18:26:13,google,2022-03-14 10:05:50.648747,us-east4,34.157.16.0/20,Google Cloud
2022-03-15 18:26:13,google,2022-03-14 10:05:50.648747,us-east4,34.157.128.0/21,Google Cloud
2022-03-15 18:26:13,google,2022-03-14 10:05:50.648747,us-east4,34.157.144.0/20,Google Cloud
2022-03-15 18:26:13,google,2022-03-14 10:05:50.648747,us-east4,35.186.160.0/19,Google Cloud
2022-03-15 18:26:13,google,2022-03-14 10:05:50.648747,us-east4,35.188.224.0/19,Google Cloud
2022-03-15 18:26:13,google,2022-03-14 10:05:50.648747,us-east4,35.194.64.0/19,Google Cloud
2022-03-15 18:26:13,google,2022-03-14 10:05:50.648747,us-east4,35.199.0.0/18,Google Cloud
2022-03-15 18:26:13,google,2022-03-14 10:05:50.648747,us-east4,35.212.0.0/17,Google Cloud
2022-03-15 18:26:13,google,2022-03-14 10:05:50.648747,us-east4,35.220.60.0/22,Google Cloud
2022-03-15 18:26:13,google,2022-03-14 10:05:50.648747,us-east4,35.221.0.0/18,Google Cloud
2022-03-15 18:26:13,google,2022-03-14 10:05:50.648747,us-east4,35.230.160.0/19,Google Cloud
2022-03-15 18:26:13,google,2022-03-14 10:05:50.648747,us-east4,35.234.176.0/20,Google Cloud
2022-03-15 18:26:13,google,2022-03-14 10:05:50.648747,us-east4,35.236.192.0/18,Google Cloud
2022-03-15 18:26:13,google,2022-03-14 10:05:50.648747,us-east4,35.242.60.0/22,Google Cloud
2022-03-15 18:26:13,google,2022-03-14 10:05:50.648747,us-east4,35.243.40.0/21,Google Cloud
2022-03-15 18:26:13,google,2022-03-14 10:05:50.648747,us-east4,35.245.0.0/16,Google Cloud
2022-03-15 18:26:13,google,2022-03-14 10:05:50.648747,us-east7,34.104.56.0/23,Google Cloud
2022-03-15 18:26:13,google,2022-03-14 10:05:50.648747,us-east7,34.127.184.0/23,Google Cloud
2022-03-15 18:26:13,google,2022-03-14 10:05:50.648747,us-east7,34.161.0.0/16,Google Cloud
2022-03-15 18:26:13,google,2022-03-14 10:05:50.648747,us-west1,34.82.0.0/15,Google Cloud
2022-03-15 18:26:13,google,2022-03-14 10:05:50.648747,us-west1,34.105.0.0/17,Google Cloud
2022-03-15 18:26:13,google,2022-03-14 10:05:50.648747,us-west1,34.127.0.0/17,Google Cloud
2022-03-15 18:26:13,google,2022-03-14 10:05:50.648747,us-west1,34.145.0.0/17,Google Cloud
2022-03-15 18:26:13,google,2022-03-14 10:05:50.648747,us-west1,34.168.0.0/15,Google Cloud
2022-03-15 18:26:13,google,2022-03-14 10:05:50.648747,us-west1,35.185.192.0/18,Google Cloud
2022-03-15 18:26:13,google,2022-03-14 10:05:50.648747,us-west1,35.197.0.0/17,Google Cloud
2022-03-15 18:26:13,google,2022-03-14 10:05:50.648747,us-west1,35.199.144.0/20,Google Cloud
2022-03-15 18:26:13,google,2022-03-14 10:05:50.648747,us-west1,35.199.160.0/19,Google Cloud
2022-03-15 18:26:13,google,2022-03-14 10:05:50.648747,us-west1,35.203.128.0/18,Google Cloud
2022-03-15 18:26:13,google,2022-03-14 10:05:50.648747,us-west1,35.212.128.0/17,Google Cloud
2022-03-15 18:26:13,google,2022-03-14 10:05:50.648747,us-west1,35.220.48.0/21,Google Cloud
2022-03-15 18:26:13,google,2022-03-14 10:05:50.648747,us-west1,35.227.128.0/18,Google Cloud
2022-03-15 18:26:13,google,2022-03-14 10:05:50.648747,us-west1,35.230.0.0/17,Google Cloud
2022-03-15 18:26:13,google,2022-03-14 10:05:50.648747,us-west1,35.233.128.0/17,Google Cloud
2022-03-15 18:26:13,google,2022-03-14 10:05:50.648747,us-west1,35.242.48.0/21,Google Cloud
2022-03-15 18:26:13,google,2022-03-14 10:05:50.648747,us-west1,35.243.32.0/21,Google Cloud
2022-03-15 18:26:13,google,2022-03-14 10:05:50.648747,us-west1,35.247.0.0/17,Google Cloud
2022-03-15 18:26:13,google,2022-03-14 10:05:50.648747,us-west1,104.196.224.0/19,Google Cloud
2022-03-15 18:26:13,google,2022-03-14 10:05:50.648747,us-west1,104.198.0.0/20,Google Cloud
2022-03-15 18:26:13,google,2022-03-14 10:05:50.648747,us-west1,104.198.96.0/20,Google Cloud
2022-03-15 18:26:13,google,2022-03-14 10:05:50.648747,us-west1,104.199.112.0/20,Google Cloud
2022-03-15 18:26:13,google,2022-03-14 10:05:50.648747,us-west2,34.94.0.0/16,Google Cloud
2022-03-15 18:26:13,google,2022-03-14 10:05:50.648747,us-west2,34.102.0.0/17,Google Cloud
2022-03-15 18:26:13,google,2022-03-14 10:05:50.648747,us-west2,34.104.64.0/21,Google Cloud
2022-03-15 18:26:13,google,2022-03-14 10:05:50.648747,us-west2,34.108.0.0/16,Google Cloud
2022-03-15 18:26:13,google,2022-03-14 10:05:50.648747,us-west2,34.124.0.0/21,Google Cloud
2022-03-15 18:26:13,google,2022-03-14 10:05:50.648747,us-west2,35.215.64.0/18,Google Cloud
2022-03-15 18:26:13,google,2022-03-14 10:05:50.648747,us-west2,35.220.47.0/24,Google Cloud
2022-03-15 18:26:13,google,2022-03-14 10:05:50.648747,us-west2,35.235.64.0/18,Google Cloud
2022-03-15 18:26:13,google,2022-03-14 10:05:50.648747,us-west2,35.236.0.0/17,Google Cloud
2022-03-15 18:26:13,google,2022-03-14 10:05:50.648747,us-west2,35.242.47.0/24,Google Cloud
2022-03-15 18:26:13,google,2022-03-14 10:05:50.648747,us-west2,35.243.0.0/21,Google Cloud
2022-03-15 18:26:13,google,2022-03-14 10:05:50.648747,us-west3,34.104.52.0/24,Google Cloud
2022-03-15 18:26:13,google,2022-03-14 10:05:50.648747,us-west3,34.106.0.0/16,Google Cloud
2022-03-15 18:26:13,google,2022-03-14 10:05:50.648747,us-west3,34.127.180.0/24,Google Cloud
2022-03-15 18:26:13,google,2022-03-14 10:05:50.648747,us-west3,35.217.64.0/18,Google Cloud
2022-03-15 18:26:13,google,2022-03-14 10:05:50.648747,us-west3,35.220.31.0/24,Google Cloud
2022-03-15 18:26:13,google,2022-03-14 10:05:50.648747,us-west3,35.242.31.0/24,Google Cloud
2022-03-15 18:26:13,google,2022-03-14 10:05:50.648747,us-west4,34.104.72.0/22,Google Cloud
2022-03-15 18:26:13,google,2022-03-14 10:05:50.648747,us-west4,34.124.8.0/22,Google Cloud
2022-03-15 18:26:13,google,2022-03-14 10:05:50.648747,us-west4,34.125.0.0/16,Google Cloud
2022-03-15 18:26:13,google,2022-03-14 10:05:50.648747,us-west4,35.219.128.0/18,Google Cloud
